id,ingredient,unit,ratio
1,アーモンド,g,1
2,アーモンド,個,1.2
3,アーモンド,粒,1.2
4,あさり,g,1
5,アスパラ,g,1
6,アスパラ,本,26
7,アボガド,g,1
8,アボガド,個,121
9,いか姿フライ,g,1
10,いか姿フライ,枚,10
11,いりこ,g,1
12,いりこ,つかみ,10
13,いりこ,匹,0.5
14,いりごま,g,1
15,いりごま,つまみ,0.3
16,いりごま,小,2.5
17,いりごま,小さじ,2.5
18,いりごま,小匙,2.5
19,いりごま,少々,1
20,いりごま,大,8
21,いりごま,大さじ,8
22,いりごま,大匙,8
23,いんげん,g,1
24,いんげん,本,7
25,ウインナー,g,1
26,ウインナー,本,20
27,ウェイパー,g,1
28,ウェイパー,小,5
29,ウェイパー,小さじ,5
30,ウェイパー,小匙,5
31,ウェイパー,大,15
32,ウェイパー,大さじ,15
33,ウェイパー,大匙,15
34,ウスターソース,ml,1
35,ウスターソース,小,5
36,ウスターソース,小さじ,5
37,ウスターソース,小匙,5
38,ウスターソース,大,15
39,ウスターソース,大さじ,15
40,ウスターソース,大匙,15
41,うずらの卵,g,1
42,うずらの卵,個,12
43,うずらの卵,袋,8
44,うどん,g,1
45,うどん,玉,150
46,うどん,人,150
47,うどん,袋,150
48,えのき茸,g,1
49,えのき茸,パック,200
50,えのき茸,株,200
51,えのき茸,袋,200
52,えのき茸,房,200
53,えび,g,1
54,えび,尾,20
55,えび,匹,20
56,エリンギ,g,1
57,エリンギ,袋,100
58,エリンギ,本,50
59,えんどう,g,1
60,えんどう,本,5.6
61,オイスターソース,g,1
62,オイスターソース,小,6
63,オイスターソース,小さじ,6
64,オイスターソース,小匙,6
65,オイスターソース,大,18
66,オイスターソース,大さじ,18
67,オイスターソース,大匙,18
68,オートミール,g,1
69,オートミール,大さじ,6
70,おかか,g,1
71,おかか,つまみ,5
72,おからパウダー,g,1
73,おからパウダー,カップ,80
74,おからパウダー,小,2
75,おからパウダー,小さじ,2
76,おからパウダー,小匙,2
77,おからパウダー,大,6
78,おからパウダー,大さじ,6
79,おからパウダー,大匙,6
80,おくら,g,1
81,おくら,本,7.25
82,オリーブオイル,cc,1
83,オリーブオイル,g,1
84,オリーブオイル,ml,0.8
85,オリーブオイル,カップ,160
86,オリーブオイル,小,4
87,オリーブオイル,小さじ,4
88,オリーブオイル,小匙,4
89,オリーブオイル,少々,4
90,オリーブオイル,大,12
91,オリーブオイル,大さじ,12
92,オリーブオイル,大匙,12
93,おろししょうが,cm,0.4
94,おろししょうが,g,1
95,おろししょうが,かけ,15
96,おろししょうが,センチ,0.4
97,おろししょうが,つまみ,1
98,おろししょうが,小,4.25
99,おろししょうが,小さじ,4.25
100,おろししょうが,小匙,4.25
101,おろししょうが,少々,0.4
102,おろししょうが,大,13
103,おろししょうが,大さじ,13
104,おろししょうが,大匙,13
105,おろししょうが,片,15
106,おろしにんにく,cm,0.5
107,おろしにんにく,g,1
108,おろしにんにく,かけ,10
109,おろしにんにく,センチ,0.5
110,おろしにんにく,株,40
111,おろしにんにく,小,4.25
112,おろしにんにく,小さじ,4.25
113,おろしにんにく,小匙,4.25
114,おろしにんにく,少々,0.5
115,おろしにんにく,大,13
116,おろしにんにく,大さじ,13
117,おろしにんにく,大匙,13
118,おろしにんにく,片,10
119,お好みソース,g,1
120,お好みソース,小,6
121,お好みソース,小さじ,6
122,お好みソース,小匙,6
123,お好みソース,少々,2
124,お好みソース,大,18
125,お好みソース,大さじ,18
126,お好みソース,大匙,18
127,お好み焼き粉,g,1
128,お好み焼き粉,カップ,100
129,お好み焼き粉,グラム,1
130,お好み焼き粉,大さじ,7.5
131,かいわれ,g,1
132,かいわれ,パック,45
133,かき醤油,ml,1
134,かき醤油,小,5
135,かき醤油,小さじ,5
136,かき醤油,小匙,5
137,かき醤油,大,15
138,かき醤油,大さじ,15
139,かき醤油,大匙,15
140,かつおぶし,g,1
141,かつおぶし,つかみ,40
142,かつおぶし,つまみ,10
143,かつおぶし,小,1
144,かつおぶし,小さじ,1
145,かつおぶし,少量,1
146,かつおぶし,袋,10
147,かつおぶし,大,7.5
148,かつおぶし,大さじ,7.5
149,かつおぶし,大匙,7.5
150,かにかま,g,1
151,かにかま,つ,15
152,かにかま,本,15
153,かぼちゃ,g,1
154,かぼちゃ,個,1400
155,かまぼこ,cm,6.5
156,かまぼこ,g,1
157,かまぼこ,個,85
158,かまぼこ,本,85
159,からあげ粉,g,1
160,からあげ粉,大,9
161,からあげ粉,大さじ,9
162,カレールー,g,1
163,カレールー,ヶ,19.2
164,カレールー,コ,19.2
165,カレールー,こ,19.2
166,カレールー,個,19.2
167,カレールー,箱,230
168,カレー粉,g,1
169,カレー粉,小,2
170,カレー粉,小さじ,2
171,カレー粉,小匙,2
172,カレー粉,少々,0.2
173,カレー粉,大,6
174,カレー粉,大さじ,6
175,カレー粉,大匙,6
176,きくらげ,g,1
177,きなこ,g,1
178,きなこ,小,2.5
179,きなこ,小さじ,2.5
180,きなこ,小匙,2.5
181,きなこ,大,7.5
182,きなこ,大さじ,7.5
183,きなこ,大匙,7.5
184,きび砂糖,g,1
185,きび砂糖,小,3
186,きび砂糖,小さじ,3
187,きび砂糖,小匙,3
188,きび砂糖,大,9
189,きび砂糖,大さじ,9
190,きび砂糖,大匙,9
191,キムチ,g,1
192,キムチ,つかみ,10
193,キャベツ,g,1
194,キャベツ,玉,1500
195,キャベツ,個,1500
196,キャベツ,半分,750
197,キャベツ,枚,30
198,きゅうり,g,1
199,きゅうり,半,50
200,きゅうり,半分,50
201,きゅうり,本,100
202,クミンパウダー,g,1
203,クミンパウダー,少々,0.1
204,グラニュー糖,g,1
205,グリンピース,g,1
206,グリンピース,大,8
207,くるみ,g,1
208,ケチャップ,cc,1
209,ケチャップ,g,1
210,ケチャップ,小,5
211,ケチャップ,小さじ,5
212,ケチャップ,小匙,5
213,ケチャップ,少々,5
214,ケチャップ,大,15
215,ケチャップ,大さじ,15
216,ケチャップ,大匙,15
217,コーン,g,1
218,コーン,缶,190
219,コーン,大さじ,10
220,コーンスターチ,g,1
221,コーンスターチ,カップ,80
222,ココナッツミルク,g,1
223,こしょう,g,1
224,こしょう,つまみ,0.2
225,こしょう,小さじ,2
226,こしょう,小匙,2
227,こしょう,少々,0.3
228,コチュジャン,g,1
229,コチュジャン,小,6
230,コチュジャン,小さじ,6
231,コチュジャン,小匙,6
232,コチュジャン,大,18
233,コチュジャン,大さじ,18
234,コチュジャン,大匙,18
235,ごはん,g,1
236,ごはん,合,330
237,ごはん,人,150
238,ごはん,膳,150
239,ごはん,大さじ,15
240,ごはん,杯,150
241,ごぼう,cm,3.5
242,ごぼう,g,1
243,ごぼう,半分,130
244,ごぼう,本,150
245,ごま,g,1
246,ごま,小,3
247,ごま,小さじ,3
248,ごま,小匙,3
249,ごま,少々,1
250,ごま,大,9
251,ごま,大さじ,9
252,ごま,大匙,9
253,ごま油,g,1
254,ごま油,ml,0.8
255,ごま油,小,4
256,ごま油,小さじ,4
257,ごま油,小匙,4
258,ごま油,少々,3
259,ごま油,大,12
260,ごま油,大さじ,12
261,ごま油,大匙,12
262,コンソメ,g,1
263,コンソメ,ml,9
264,コンソメ,ヶ,5.3
265,コンソメ,こ,5.3
266,コンソメ,コ,5.3
267,コンソメ,個,5.3
268,コンソメ,小,3
269,コンソメ,小さじ,3
270,コンソメ,小匙,3
271,コンソメ,少々,1
272,コンソメ,大,9
273,コンソメ,大さじ,9
274,コンソメ,大匙,9
275,こんにゃく,g,1
276,こんにゃく,袋,350
277,こんにゃく,丁,350
278,こんにゃく,枚,350
279,サーモン（刺身）,g,1
280,サーモン（刺身）,切,15
281,さつまいも,g,1
282,さつまいも,センチ,11.7
283,さつまいも,個,210
284,さつまいも,本,210
285,さとう,cc,0.6
286,さとう,g,1
287,さとう,つまみ,0.3
288,さとう,ひとつまみ,1
289,さとう,小,3
290,さとう,小さじ,3
291,さとう,小匙,3
292,さとう,少々,0.3
293,さとう,大,9
294,さとう,大さじ,9
295,さとう,大匙,9
296,さば,g,1
297,さば,切,60
298,さば,尾,450
299,さば,匹,450
300,さば,枚,140
301,さばの水煮缶,g,1
302,さばの水煮缶,缶,190
303,さば缶,g,1
304,さば缶,缶,190
305,さやいんげん,g,1
306,さやいんげん,本,3.2
307,さやえんどう,g,1
308,さやえんどう,鞘,3.2
309,さやえんどう,袋,30
310,さやえんどう,本,2
311,さやえんどう,枚,2
312,サラダ油,g,1
313,サラダ油,ml,0.8
314,サラダ油,カップ,160
315,サラダ油,小,4
316,サラダ油,小さじ,4
317,サラダ油,小匙,4
318,サラダ油,少々,3
319,サラダ油,大,12
320,サラダ油,大さじ,12
321,サラダ油,大匙,12
322,しいたけ,g,1
323,しいたけ,コ,15
324,しいたけ,こ,15
325,しいたけ,つ,15
326,しいたけ,パック,150
327,しいたけ,個,15
328,しいたけ,少々,20
329,しいたけ,枚,15
330,シーフードミックス,g,1
331,ししとう,g,1
332,ししとう,本,7.2
333,ししゃも,g,1
334,ししゃも,尾,14
335,ししゃも,本,14
336,しめじ,g,1
337,しめじ,パック,130
338,しめじ,株,130
339,しめじ,袋,130
340,じゃがいも,g,1
341,じゃがいも,ヶ,100
342,じゃがいも,コ,100
343,じゃがいも,こ,100
344,じゃがいも,個,100
345,シャンタン,g,1
346,シャンタン,小,2.5
347,シャンタン,小さじ,2.5
348,シャンタン,小匙,2.5
349,シャンタン,大,7.5
350,シャンタン,大さじ,7.5
351,シャンタン,大匙,7.5
352,シュウマイの皮,g,1
353,シュウマイの皮,枚,2
354,しょうが,cm,0.4
355,しょうが,g,1
356,しょうが,かけ,15
357,しょうが,カケ,15
358,しょうが,ケ,15
359,しょうが,センチ,0.4
360,しょうが,ひとかけ,15
361,しょうが,一かけ,15
362,しょうが,小,4.25
363,しょうが,小さじ,4.25
364,しょうが,少々,0.4
365,しょうが,大,13
366,しょうが,大さじ,13
367,しょうが,片,15
368,しょうが,枚,1
369,しょうゆ,cc,1
370,しょうゆ,g,0.83
371,しょうゆ,ml,1
372,しょうゆ,カップ,200
373,しょうゆ,小,5
374,しょうゆ,小さじ,5
375,しょうゆ,小匙,5
376,しょうゆ,少々,5
377,しょうゆ,大,15
378,しょうゆ,大さじ,15
379,しょうゆ,大匙,15
380,しらす,g,1
381,しらたき,g,1
382,しらたき,パック,180
383,しらたき,個,180
384,しらたき,袋,180
385,スキムミルク,g,1
386,すき焼きのたれ,cc,1
387,すき焼きのたれ,ml,1
388,すき焼きのたれ,小,5
389,すき焼きのたれ,小さじ,5
390,すき焼きのたれ,小匙,5
391,すき焼きのたれ,大,15
392,すき焼きのたれ,大さじ,15
393,すき焼きのたれ,大匙,15
394,すし酢,ml,1
395,すし酢,大,15
396,すし酢,大さじ,15
397,スナップエンドウ,g,1
398,スナップエンドウ,本,5.6
399,スパゲッティ,g,1
400,スパゲッティ,グラム,1
401,スパゲッティ,食,100
402,スパゲッティ,人,100
403,スパゲッティ,束,100
404,スライスチーズ,g,1
405,スライスチーズ,枚,15
406,すりごま,g,1
407,すりごま,小,2.6
408,すりごま,小さじ,2.6
409,すりごま,小匙,2.6
410,すりごま,少々,0.3
411,すりごま,大,8
412,すりごま,大さじ,8
413,すりごま,大匙,8
414,セロリ,cm,2
415,セロリ,g,1
416,セロリ,本,65
417,セロリ,枚,5
418,そうめん,g,1
419,そうめん,束,50
420,そらまめ,g,1
421,そらまめ,粒,4.5
422,タコ,g,1
423,ダシダ,g,1
424,ダシダ,小,2.5
425,ダシダ,小さじ,2.5
426,ダシダ,小匙,2.5
427,ダシダ,大,7.5
428,ダシダ,大さじ,7.5
429,ダシダ,大匙,7.5
430,だし汁,cc,1
431,だし汁,g,1
432,だし汁,ｍ,1
433,だし汁,ml,1
434,だし汁,カップ,200
435,だし汁,リットル,1000
436,だし汁,小さじ,5
437,だし汁,大さじ,15
438,だし醤油,cc,1
439,だし醤油,g,1.2
440,だし醤油,ml,1
441,だし醤油,小,5
442,だし醤油,小さじ,5
443,だし醤油,小匙,5
444,だし醤油,大,15
445,だし醤油,大さじ,15
446,だし醤油,大匙,15
447,タバスコ,ml,1
448,タバスコ,小,5
449,タバスコ,小さじ,5
450,タバスコ,小匙,5
451,たまご豆腐,g,1
452,たまご豆腐,パック,80
453,たまご豆腐,個,80
454,チーズ,g,1
455,チーズ,こ,15
456,チーズ,つかみ,40
457,チーズ,ひとつかみ,40
458,チーズ,個,15
459,チーズ,少々,20
460,チーズ,大,8
461,チーズ,大さじ,8
462,チーズ,大匙,8
463,チーズ,枚,15
464,チキンコンソメ,g,1
465,チキンコンソメ,ヶ,5.3
466,チキンコンソメ,コ,5.3
467,チキンコンソメ,こ,5.3
468,チキンコンソメ,個,5.3
469,ちくわ,g,1
470,ちくわ,袋,150
471,ちくわ,本,30
472,チャーシュー,g,1
473,チャーシュー,枚,20
474,チリソース,g,1
475,チリソース,ml,1.2
476,チリソース,小,6
477,チリソース,小さじ,6
478,チリソース,小匙,6
479,チリソース,大,18
480,チリソース,大さじ,18
481,チリソース,大匙,18
482,チンゲン菜,g,1
483,チンゲン菜,株,90
484,チンゲン菜,本,90
485,ツナ缶,g,1
486,ツナ缶,缶,70
487,ツナ缶,大さじ,38
488,デミグラスソース,cc,1
489,デミグラスソース,g,1
490,デミグラスソース,缶,290
491,デミグラスソース,袋,150
492,デミグラスソース,大,18
493,デミグラスソース,大さじ,18
494,デミグラスソース,大匙,18
495,とうもろこし,g,1
496,とうもろこし,個,134
497,とうもろこし,本,134
498,トック,g,1
499,トック,グラム,1
500,トック,つかみ,50
501,トック,個,10
502,トック,枚,10
503,トマト,g,1
504,トマト,ヶ,250
505,トマト,コ,250
506,トマト,こ,250
507,トマト,個,250
508,トマトジュース,ml,1
509,トマトソース,g,1
510,トマトソース,ml,1
511,トマト缶,g,1
512,トマト缶,缶,400
513,ドライイースト,g,1
514,ドライイースト,こ,3
515,ドライイースト,小,3
516,ドライイースト,小さじ,3
517,ドライイースト,小匙,3
518,ドライバジル,g,1
519,ドライバジル,小,1
520,ドライバジル,小さじ,1
521,ドライバジル,小匙,1
522,ドライバジル,少々,0.05
523,ドライパセリ,g,1
524,ドライパセリ,つまみ,0.05
525,ドライパセリ,小,1
526,ドライパセリ,小さじ,1
527,ドライパセリ,小匙,1
528,ドライパセリ,少々,0.05
529,とんかつソース,ml,1
530,とんかつソース,小,5
531,とんかつソース,小さじ,5
532,とんかつソース,小匙,5
533,とんかつソース,大,15
534,とんかつソース,大さじ,15
535,とんかつソース,大匙,15
536,なす,g,1
537,なす,個,260
538,なす,本,260
539,ナツメグ,g,1
540,ナツメグ,つまみ,0.2
541,ナツメグ,小,2
542,ナツメグ,小さじ,2
543,ナツメグ,小匙,2
544,ナツメグ,少々,0.1
545,なめこ,g,1
546,なめこ,パック,120
547,なめこ,袋,120
548,なめこ,本,1.5
549,ナンプラー,ml,1
550,ナンプラー,小,5
551,ナンプラー,小さじ,5
552,ナンプラー,小匙,5
553,ニラ,g,1
554,ニラ,束,100
555,ニラ,袋,100
556,ニラ,本,10
557,にんじん,cm,10
558,にんじん,g,1
559,にんじん,センチ,10
560,にんじん,個,175
561,にんじん,少々,30
562,にんじん,大さじ,15
563,にんじん,半,88
564,にんじん,半分,88
565,にんじん,本,175
566,にんじん,本半,88
567,にんにく,g,1
568,にんにく,かけ,10
569,にんにく,カケ,10
570,にんにく,センチ,0.5
571,にんにく,ひとかけ,10
572,にんにく,個,40
573,にんにく,小,4.25
574,にんにく,小さじ,4.25
575,にんにく,片,10
576,ネギ,cm,2
577,ネギ,g,1
578,ネギ,センチ,2
579,ネギ,小,3
580,ネギ,少々,5
581,ネギ,大さじ,9
582,ネギ,本,210
583,のり,g,1
584,のり,つまみ,0.1
585,のり,少々,0.1
586,のり,大さじ,0.1
587,のり,枚,0.2
588,バジル,g,1
589,バジル,大さじ,2.4
590,バジル,枚,0.18
591,パセリ,g,1
592,パセリ,大さじ,2
593,バター,cm,8
594,バター,g,1
595,バター,かけ,8
596,バター,グラム,1
597,バター,小,4
598,バター,小さじ,4
599,バター,小匙,4
600,バター,大,12
601,バター,大さじ,12
602,バター,大匙,12
603,はちみつ,g,1
604,はちみつ,小,7
605,はちみつ,小さじ,7
606,はちみつ,小匙,7
607,はちみつ,大,22
608,はちみつ,大さじ,22
609,はちみつ,大匙,22
610,パプリカ,g,1
611,パプリカ,個,200
612,パプリカ,半,100
613,パプリカ,半個,100
614,ハム,g,1
615,ハム,パック,36
616,ハム,枚,9
617,パン粉,g,1
618,パン粉,カップ,45
619,パン粉,小,1.3
620,パン粉,小さじ,1.3
621,パン粉,小匙,1.3
622,パン粉,大,4
623,パン粉,大さじ,4
624,パン粉,大匙,4
625,ビーフシチューのルー,g,1
626,ビーフシチューのルー,箱,148
627,ピーマン,g,1
628,ピーマン,ヶ,37
629,ピーマン,ケ,37
630,ピーマン,コ,37
631,ピーマン,こ,37
632,ピーマン,つ,37
633,ピーマン,個,37
634,ピクルス,g,1
635,ピザソース,g,1
636,ピザソース,小,5
637,ピザソース,小さじ,5
638,ピザソース,小匙,5
639,ピザソース,大,15
640,ピザソース,大さじ,15
641,ピザソース,大匙,15
642,ブイヨン,g,1
643,ブイヨン,個,4
644,プチトマト,g,1
645,プチトマト,ヶ,14
646,プチトマト,コ,14
647,プチトマト,こ,14
648,プチトマト,つかみ,98
649,プチトマト,個,14
650,フランスパン,g,1
651,フランスパン,本,245
652,フランスパン,枚,25
653,ぶり,g,1
654,ぶり,切,80
655,フレッシュ,ml,1
656,フレッシュ,個,4.5
657,フレッシュ,大さじ,15
658,ブロッコリー,g,1
659,ブロッコリー,コ,450
660,ブロッコリー,こ,450
661,ブロッコリー,株,450
662,ブロッコリー,個,450
663,ブロッコリー,房,450
664,ブロッコリースプラウト,g,1
665,ブロッコリースプラウト,パック,105
666,ベーキングパウダー,g,1
667,ベーキングパウダー,小,4
668,ベーキングパウダー,小さじ,4
669,ベーキングパウダー,小匙,4
670,ベーコン,g,1
671,ベーコン,パック,32
672,ベーコン,枚,8
673,ベビーリーフ,g,1
674,ベリージャム,g,1
675,ベリージャム,小さじ,7
676,ほうれん草,g,1
677,ほうれん草,株,20
678,ほうれん草,束,200
679,ほうれん草,袋,200
680,ほたて,g,1
681,ほたて,枚,18
682,ホワイトソース（缶）,g,1
683,ホワイトソース（缶）,缶,290
684,ポン酢,g,1
685,ポン酢,ml,1
686,ポン酢,小,5
687,ポン酢,小さじ,5
688,ポン酢,小匙,5
689,ポン酢,大,15
690,ポン酢,大さじ,15
691,ポン酢,大匙,15
692,まいたけ,g,1
693,まいたけ,パック,75
694,マカロニ,g,1
695,マカロニ,つかみ,50
696,マスタード,g,1
697,マスタード,小,6
698,マスタード,小さじ,6
699,マスタード,小匙,6
700,マスタード,少々,1
701,マッシュルーム,g,1
702,マッシュルーム,個,10
703,マヨネーズ,g,1
704,マヨネーズ,小,4
705,マヨネーズ,小さじ,4
706,マヨネーズ,小匙,4
707,マヨネーズ,少々,1
708,マヨネーズ,大,12
709,マヨネーズ,大さじ,12
710,マヨネーズ,大匙,12
711,ミートソース,g,1
712,ミートソース,玉,120
713,ミートソース,人,260
714,ミートボール,g,1
715,ミートボール,パック,120
716,ミートボール,個,12
717,ミートボール,袋,120
718,ミックスベジタブル,g,1
719,ミックスベジタブル,大,10
720,ミックスベジタブル,大さじ,10
721,ミックスベジタブル,大匙,10
722,みつば,g,1
723,みつば,束,41
724,みつば,袋,41
725,みつば,本,1.8
726,ミニトマト,g,1
727,みょうが,g,1
728,みょうが,本,22.5
729,みりん,cc,1
730,みりん,g,1.15
731,みりん,ml,1
732,みりん,カップ,1
733,みりん,小,5
734,みりん,小さじ,5
735,みりん,小匙,5
736,みりん,少々,5
737,みりん,大,15
738,みりん,大さじ,15
739,みりん,大匙,15
740,めんつゆ,cc,1
741,めんつゆ,cup,200
742,めんつゆ,g,1
743,めんつゆ,ml,1
744,めんつゆ,カップ,200
745,めんつゆ,小,5
746,めんつゆ,小さじ,5
747,めんつゆ,小匙,5
748,めんつゆ,大,15
749,めんつゆ,大さじ,15
750,めんつゆ,大匙,15
751,メンマ,g,1
752,メンマ,袋,100
753,もやし,g,1
754,もやし,つかみ,100
755,もやし,パック,200
756,もやし,ひとつかみ,100
757,もやし,袋,200
758,ゆず,g,1
759,ゆず,個,200
760,ヨーグルト,g,1
761,ヨーグルト,大,15
762,ヨーグルト,大さじ,15
763,ヨーグルト,大匙,15
764,ラー油,g,1
765,ラー油,小,4
766,ラー油,小さじ,4
767,ラー油,小匙,4
768,ライスペーパー,g,1
769,ライスペーパー,枚,10
770,りんごジャム,g,1
771,りんごジャム,小,7
772,りんごジャム,小さじ,7
773,りんごジャム,小匙,7
774,りんごジャム,大,22
775,りんごジャム,大さじ,22
776,りんごジャム,大匙,22
777,りんご酢,ml,1
778,りんご酢,大,15
779,りんご酢,大さじ,15
780,りんご酢,大匙,15
781,レタス,g,1
782,レタス,まい,37
783,レタス,玉,430
784,レタス,個,430
785,レタス,袋,430
786,レタス,枚,37
787,レモン,g,1
788,レモン,個,120
789,レモン,枚,10
790,レモン汁,ml,1
791,レモン汁,小,5
792,レモン汁,小さじ,5
793,レモン汁,小匙,5
794,レモン汁,少々,5
795,レモン汁,大,15
796,レモン汁,大さじ,15
797,レモン汁,大匙,15
798,れんこん,g,1
799,れんこん,節,200
800,れんこん,本,300
801,ローズマリー,g,1
802,ローズマリー,小さじ,1
803,ローリエ,g,1
804,ローリエ,枚,0.2
805,わかめ,g,1
806,わさび,g,1
807,わさび,小さじ,6
808,わさび,少々,1
809,塩,g,1
810,塩,つまみ,0.6
811,塩,ひとつまみ,1
812,塩,小,6
813,塩,小さじ,6
814,塩,小匙,6
815,塩,少々,0.6
816,塩,少量,0.6
817,塩,大,18
818,塩,大さじ,18
819,塩,大匙,18
820,塩こうじ,g,1
821,塩こうじ,小,7
822,塩こうじ,小さじ,7
823,塩こうじ,小匙,7
824,塩こうじ,大,20
825,塩こうじ,大さじ,20
826,塩こうじ,大匙,20
827,塩コショウ,g,1
828,塩コショウ,つまみ,0.6
829,塩コショウ,小,6
830,塩コショウ,小さじ,6
831,塩コショウ,小匙,6
832,塩コショウ,少々,0.6
833,塩昆布,g,1
834,塩昆布,大,1
835,塩昆布,大さじ,1
836,塩昆布,大匙,1
837,塩辛,g,1
838,塩辛,パック,60
839,牡蠣,g,1
840,牡蠣,個,20
841,乾燥ひじき,g,1
842,乾燥ひじき,大さじ,3
843,乾燥わかめ,g,1
844,乾燥わかめ,つまみ,3
845,乾燥わかめ,小,1
846,乾燥わかめ,小さじ,1
847,乾燥わかめ,小匙,1
848,乾燥わかめ,大,3
849,乾燥わかめ,大さじ,3
850,乾燥わかめ,大匙,3
851,乾麺そば,g,1
852,乾麺そば,人,100
853,干ししいたけ,g,1
854,干ししいたけ,枚,6
855,干し貝柱スープの素,g,1
856,干し貝柱スープの素,小,2.5
857,干し貝柱スープの素,小さじ,2.5
858,干し貝柱スープの素,小匙,2.5
859,干し貝柱スープの素,大,7.5
860,干し貝柱スープの素,大さじ,7.5
861,干し貝柱スープの素,大匙,7.5
862,牛カルビ,g,1
863,牛こま切れ,g,1
864,牛こま切れ,グラム,1
865,牛すじ,g,1
866,牛すじ,kg,1000
867,牛バラ,g,1
868,牛ひき肉,g,1
869,牛ひき肉,小,5
870,牛ひき肉,小さじ,5
871,牛ひき肉,小匙,5
872,牛ひき肉,大,15
873,牛ひき肉,大さじ,15
874,牛ひき肉,大匙,15
875,牛ホルモン,g,1
876,牛もも肉,g,1
877,牛ロース,g,1
878,牛脂,g,1
879,牛脂,個,20
880,牛切り落とし,g,1
881,牛肉,g,1
882,牛乳,cc,1
883,牛乳,g,0.95
884,牛乳,ml,1
885,牛乳,カップ,200
886,牛乳,小,5
887,牛乳,小さじ,5
888,牛乳,小匙,5
889,牛乳,大,15
890,牛乳,大さじ,15
891,牛乳,大匙,15
892,牛薄切り,g,1
893,牛薄切り,枚,20
894,魚肉ソーセージ,g,1
895,魚肉ソーセージ,本,20
896,強力粉,g,1
897,強力粉,カップ,105
898,強力粉,小,2.5
899,強力粉,小さじ,2.5
900,強力粉,小匙,2.5
901,強力粉,大,7.5
902,強力粉,大さじ,7.5
903,強力粉,大匙,7.5
904,玉ねぎ,g,1
905,玉ねぎ,ヶ,200
906,玉ねぎ,コ,200
907,玉ねぎ,こ,200
908,玉ねぎ,コ半,100
909,玉ねぎ,玉,200
910,玉ねぎ,個,200
911,玉ねぎ,大匙,10
912,玉ねぎ,半,100
913,玉ねぎ,半コ,100
914,玉ねぎ,半個,100
915,玉ねぎ,半分,100
916,鶏がらスープの素,g,1
917,鶏がらスープの素,小,2.5
918,鶏がらスープの素,小さじ,2.5
919,鶏がらスープの素,小匙,2.5
920,鶏がらスープの素,少々,0.5
921,鶏がらスープの素,大,7.5
922,鶏がらスープの素,大さじ,7.5
923,鶏がらスープの素,大匙,7.5
924,鶏ささみ,g,1
925,鶏ささみ,本,57
926,鶏ひき肉,g,1
927,鶏ひき肉,グラム,1
928,鶏むね肉,g,1
929,鶏むね肉,大,15
930,鶏むね肉,大さじ,15
931,鶏むね肉,枚,250
932,鶏もも肉,g,1
933,鶏もも肉,グラム,1
934,鶏もも肉,半,125
935,鶏もも肉,枚,250
936,鶏もも肉,枚半,125
937,結びしらたき,g,1
938,結びしらたき,コ,20
939,結びしらたき,こ,20
940,結びしらたき,個,20
941,厚揚げ,g,1
942,厚揚げ,コ,245
943,厚揚げ,こ,245
944,厚揚げ,つ,245
945,厚揚げ,個,245
946,厚揚げ,枚,245
947,紅ショウガ,g,1
948,紅ショウガ,つまみ,3
949,紅ショウガ,小さじ,5
950,紅ショウガ,少々,3
951,紅ショウガ,大さじ,15
952,合い挽き肉,g,1
953,黒ごま,g,1
954,黒ごま,粒,0.01
955,黒酢,ml,1
956,黒酢,小,5
957,黒酢,小さじ,5
958,黒酢,小匙,5
959,黒酢,大,15
960,黒酢,大さじ,15
961,黒酢,大匙,15
962,黒糖,g,1
963,黒糖,小,3
964,黒糖,小さじ,3
965,黒糖,小匙,3
966,黒糖,大,9
967,黒糖,大さじ,9
968,黒糖,大匙,9
969,黒豆,g,1
970,昆布,cm,0.5
971,昆布,g,1
972,昆布,枚,25
973,昆布茶,g,1
974,昆布茶,小,4
975,昆布茶,小さじ,4
976,昆布茶,小匙,4
977,菜の花,g,1
978,菜の花,束,90
979,菜の花,本,6
980,桜えび,g,1
981,桜えび,小,1
982,桜えび,小さじ,1
983,桜えび,小匙,1
984,桜えび,大,3
985,桜えび,大さじ,3
986,桜えび,大匙,3
987,鮭,g,1
988,鮭,切,100
989,三温糖,g,1
990,三温糖,小,3
991,三温糖,小さじ,3
992,三温糖,小匙,3
993,三温糖,大,9
994,三温糖,大さじ,9
995,三温糖,大匙,9
996,山椒,g,1
997,山椒,小,2
998,山椒,小さじ,2
999,山椒,小匙,2
1000,山椒,少々,0.2
1001,枝豆,g,1
1002,枝豆,つ,1.5
1003,枝豆,粒,1.5
1004,糸こんにゃく,g,1
1005,糸こんにゃく,パック,300
1006,糸こんにゃく,袋,300
1007,七味唐辛子,g,1
1008,七味唐辛子,少々,2
1009,車麩,g,1
1010,車麩,枚,6
1011,手羽元,g,1
1012,手羽元,本,55
1013,手羽先,g,1
1014,手羽先,こ,60
1015,手羽先,本,60
1016,手羽中,g,1
1017,手羽中,個,20
1018,手羽中,本,20
1019,酒,cc,1
1020,酒,g,1
1021,酒,ml,1
1022,酒,カップ,200
1023,酒,小,5
1024,酒,小さじ,5
1025,酒,小匙,5
1026,酒,少々,5
1027,酒,大,15
1028,酒,大さじ,15
1029,酒,大匙,15
1030,春雨,g,1
1031,春雨,袋,100
1032,春巻きの皮,g,1
1033,春巻きの皮,枚,10
1034,春菊,g,1
1035,春菊,株,35
1036,春菊,束,150
1037,春菊,袋,150
1038,春菊,本,35
1039,小ネギ,cm,0.07
1040,小ネギ,g,1
1041,小ネギ,つかみ,30
1042,小ネギ,ふたつまみ,1
1043,小ネギ,小,2
1044,小ネギ,小さじ,2
1045,小ネギ,小匙,2
1046,小ネギ,少々,1
1047,小ネギ,束,100
1048,小ネギ,袋,100
1049,小ネギ,大,5
1050,小ネギ,大さじ,5
1051,小ネギ,大匙,5
1052,小ネギ,本,5
1053,小松菜,g,1
1054,小松菜,株,50
1055,小松菜,束,50
1056,小松菜,袋,150
1057,小松菜,枚,7.7
1058,小麦粉,g,1
1059,小麦粉,ml,0.55
1060,小麦粉,カップ,110
1061,小麦粉,小,3
1062,小麦粉,小さじ,3
1063,小麦粉,小匙,3
1064,小麦粉,少々,5
1065,小麦粉,大,9
1066,小麦粉,大さじ,9
1067,小麦粉,大匙,9
1068,焼きそばソース,g,1
1069,焼きそば麺,g,1
1070,焼きそば麺,玉,150
1071,焼きそば麺,食,150
1072,焼きそば麺,人,150
1073,焼きそば麺,袋,150
1074,焼き豆腐,g,1
1075,焼き豆腐,丁,300
1076,焼酎,ml,1
1077,焼酎,大さじ,15
1078,焼肉のたれ,g,1
1079,焼肉のたれ,小,6
1080,焼肉のたれ,小さじ,6
1081,焼肉のたれ,小匙,6
1082,焼肉のたれ,大,17
1083,焼肉のたれ,大さじ,17
1084,焼肉のたれ,大匙,17
1085,食パン,g,1
1086,食パン,斤,340
1087,食パン,枚,56.67
1088,酢,cc,1
1089,酢,g,1
1090,酢,ml,1
1091,酢,小,5
1092,酢,小さじ,5
1093,酢,小匙,5
1094,酢,少々,5
1095,酢,大,15
1096,酢,大さじ,15
1097,酢,大匙,15
1098,水,cc,1
1099,水,g,1
1100,水,L,1000
1101,水,ml,1
1102,水,カップ,200
1103,水,グラム,1
1104,水,小,5
1105,水,小さじ,5
1106,水,小匙,5
1107,水,大,15
1108,水,大さじ,15
1109,水,大匙,15
1110,水菜,g,1
1111,水菜,株,48
1112,水菜,少々,10
1113,水菜,束,230
1114,水菜,袋,230
1115,生クリーム,cc,1
1116,生クリーム,ml,1
1117,生クリーム,カップ,200
1118,生クリーム,大,15
1119,生クリーム,大さじ,15
1120,生クリーム,大匙,15
1121,生ハム,g,1
1122,生ハム,枚,15
1123,青ネギ,cm,0.1
1124,青ネギ,g,1
1125,青ネギ,小,3
1126,青ネギ,小さじ,3
1127,青ネギ,小匙,3
1128,青ネギ,袋,100
1129,青ネギ,大,9
1130,青ネギ,大さじ,9
1131,青ネギ,大匙,9
1132,青ネギ,本,5
1133,青のり,g,1
1134,青のり,つまみ,0.1
1135,青のり,小,0.9
1136,青のり,小さじ,0.9
1137,青のり,小匙,0.9
1138,青のり,少々,0.01
1139,青のり,大,2.5
1140,青のり,大さじ,2.5
1141,青のり,大匙,2.5
1142,赤ワイン,cc,1
1143,赤ワイン,ml,1
1144,赤ワイン,カップ,200
1145,赤ワイン,小,5
1146,赤ワイン,小さじ,5
1147,赤ワイン,小匙,5
1148,赤ワイン,大,15
1149,赤ワイン,大さじ,15
1150,赤ワイン,大匙,15
1151,赤ワイン,本,720
1152,赤味噌,g,1
1153,赤味噌,小,6
1154,赤味噌,小さじ,6
1155,赤味噌,小匙,6
1156,赤味噌,大,18
1157,赤味噌,大さじ,18
1158,赤味噌,大匙,18
1159,切り干し大根,g,1
1160,切り餅,g,1
1161,切り餅,個,54
1162,大根,cc,1
1163,大根,cm,30
1164,大根,g,1
1165,大根,グラム,1
1166,大根,センチ,30
1167,大根,大,15
1168,大根,大さじ,15
1169,大根,半,450
1170,大根,半分,450
1171,大根,本,900
1172,大根,枚,30
1173,大葉,g,1
1174,大葉,少々,0.76
1175,大葉,枚,0.76
1176,鷹の爪,g,1
1177,鷹の爪,小,2.5
1178,鷹の爪,小さじ,2.5
1179,鷹の爪,小匙,2.5
1180,鷹の爪,本,0.5
1181,中華スープの素,g,1
1182,中華スープの素,小,2.5
1183,中華スープの素,小さじ,2.5
1184,中華スープの素,小匙,2.5
1185,中華スープの素,大,7.5
1186,中華スープの素,大さじ,7.5
1187,中華スープの素,大匙,7.5
1188,中華あじ,g,1
1189,中華あじ,小,2.5
1190,中華あじ,小さじ,2.5
1191,中華あじ,小匙,2.5
1192,中華あじ,大,7.5
1193,中華あじ,大さじ,7.5
1194,中華あじ,大匙,7.5
1195,中華麺,g,1
1196,中華麺,玉,100
1197,中華麺,食,100
1198,中華麺,人,100
1199,中華麺,袋,100
1200,中濃ソース,ml,1
1201,中濃ソース,小,5
1202,中濃ソース,小さじ,5
1203,中濃ソース,小匙,5
1204,中濃ソース,大,15
1205,中濃ソース,大さじ,15
1206,中濃ソース,大匙,15
1207,中力粉,g,1
1208,長いも,cm,5.6
1209,長いも,g,1
1210,長いも,本,610
1211,長ネギ,cm,2
1212,長ネギ,g,1
1213,長ネギ,センチ,2
1214,長ネギ,少々,4
1215,長ネギ,大,10
1216,長ネギ,大さじ,10
1217,長ネギ,本,120
1218,天かす,g,1
1219,天かす,つかみ,40
1220,天かす,小,1.6
1221,天かす,小さじ,1.6
1222,天かす,小匙,1.6
1223,天かす,少々,5
1224,天かす,大,5
1225,天かす,大さじ,5
1226,天かす,大匙,5
1227,甜麺醤,g,1
1228,甜麺醤,小,6
1229,甜麺醤,小さじ,6
1230,甜麺醤,小匙,6
1231,甜麺醤,大,18
1232,甜麺醤,大さじ,18
1233,甜麺醤,大匙,18
1234,唐辛子,g,1
1235,唐辛子,つまみ,0.4
1236,唐辛子,少々,0.1
1237,唐辛子,大さじ,1
1238,唐辛子,本,0.4
1239,豆乳,cc,1
1240,豆乳,ml,1
1241,豆乳,小,5
1242,豆乳,小さじ,5
1243,豆乳,小匙,5
1244,豆乳,大,15
1245,豆乳,大さじ,15
1246,豆乳,大匙,15
1247,豆板醤,g,1
1248,豆板醤,小,6
1249,豆板醤,小さじ,6
1250,豆板醤,小匙,6
1251,豆板醤,少々,6
1252,豆板醤,大,18
1253,豆板醤,大さじ,18
1254,豆板醤,大匙,18
1255,豆板醤,杯,18
1256,豆苗,g,1
1257,豆苗,パック,85
1258,豆腐,g,1
1259,豆腐,グラム,1
1260,豆腐,パック,320
1261,豆腐,丁,320
1262,豆腐,半丁,160
1263,豚こま切れ,g,1
1264,豚こま切れ,グラム,1
1265,豚こま切れ,ｸﾞﾗﾑ,1
1266,豚こま切れ,枚,25
1267,豚スペアリブ,g,1
1268,豚の切り落とし,g,1
1269,豚の切り落とし,グラム,1
1270,豚バラ,g,1
1271,豚バラ,kg,1000
1272,豚バラ,グラム,1
1273,豚バラ,枚,25
1274,豚ひき肉,g,1
1275,豚ひき肉,グラム,1
1276,豚モモ,g,2
1277,豚もも肉,g,1
1278,豚ロース,g,1
1279,豚ロース,枚,169
1280,豚肉,g,1
1281,豚肉,グラム,1
1282,豚肉,ｸﾞﾗﾑ,1
1283,豚肉,枚,25
1284,豚背ロース薄切り,g,1
1285,豚背ロース薄切り,グラム,1
1286,日本酒,cc,1
1287,日本酒,ml,1
1288,日本酒,カップ,200
1289,日本酒,小,6
1290,日本酒,小さじ,6
1291,日本酒,小匙,6
1292,日本酒,少々,6
1293,日本酒,大,15
1294,日本酒,大さじ,15
1295,日本酒,大匙,15
1296,納豆,g,1
1297,納豆,パック,45
1298,梅干し,g,1
1299,梅干し,個,10
1300,梅酒,cc,1
1301,梅酒,ml,1
1302,白こしょう,g,1
1303,白こしょう,少々,0.8
1304,白ごま,g,1
1305,白ごま,小,3
1306,白ごま,小さじ,3
1307,白ごま,小匙,3
1308,白ごま,少々,1
1309,白ごま,大,9
1310,白ごま,大さじ,9
1311,白ごま,大匙,9
1312,白だし,cc,1
1313,白だし,ml,1
1314,白だし,小,5
1315,白だし,小さじ,5
1316,白だし,小匙,5
1317,白だし,大,15
1318,白だし,大さじ,15
1319,白だし,大匙,15
1320,白みそ,g,1
1321,白みそ,大,8
1322,白みそ,大さじ,8
1323,白みそ,大匙,8
1324,白ワイン,cc,1
1325,白ワイン,ml,1
1326,白ワイン,大,15
1327,白ワイン,大さじ,15
1328,白ワイン,大匙,15
1329,白玉粉,g,1
1330,白玉粉,袋,200
1331,白菜,g,1
1332,白菜,カット,2000
1333,白菜,株,2000
1334,白菜,個,2000
1335,白菜,枚,80
1336,白米,g,1
1337,白米,合,150
1338,白米,大さじ,13
1339,白米,杯,150
1340,薄口しょうゆ,g,1
1341,薄口しょうゆ,ml,1
1342,薄口しょうゆ,カップ,200
1343,薄口しょうゆ,小,5
1344,薄口しょうゆ,小さじ,5
1345,薄口しょうゆ,小匙,5
1346,薄口しょうゆ,大,15
1347,薄口しょうゆ,大さじ,15
1348,薄口しょうゆ,大匙,15
1349,粉チーズ,g,1
1350,粉チーズ,つまみ,1
1351,粉チーズ,少々,0.5
1352,粉チーズ,大,6
1353,粉チーズ,大さじ,6
1354,粉チーズ,大匙,6
1355,米酢,ml,1
1356,米酢,小,5
1357,米酢,小さじ,5
1358,米酢,小匙,5
1359,米酢,大,15
1360,米酢,大さじ,15
1361,米酢,大匙,15
1362,米粉,g,1
1363,米油,g,1
1364,米油,ml,0.8
1365,米油,小,4
1366,米油,小さじ,4
1367,米油,小匙,4
1368,米油,大,12
1369,米油,大さじ,12
1370,米油,大匙,12
1371,片栗粉,g,1
1372,片栗粉,カップ,120
1373,片栗粉,小,3
1374,片栗粉,小さじ,3
1375,片栗粉,小匙,3
1376,片栗粉,大,9
1377,片栗粉,大さじ,9
1378,片栗粉,大匙,9
1379,味の素,g,1
1380,味の素,少々,0.1
1381,味噌,g,1
1382,味噌,小,6
1383,味噌,小さじ,6
1384,味噌,小匙,6
1385,味噌,少々,6
1386,味噌,大,18
1387,味噌,大さじ,18
1388,味噌,大匙,18
1389,野菜ジュース,cc,1
1390,野菜ジュース,ml,1
1391,油揚げ,g,1
1392,油揚げ,枚,25
1393,柚子こしょう,g,1
1394,柚子こしょう,小,6
1395,柚子こしょう,小さじ,6
1396,柚子こしょう,小匙,6
1397,卵,g,1
1398,卵,こ,50
1399,卵,こ半,25
1400,卵,つ,50
1401,卵,玉,50
1402,卵,個,50
1403,里芋,g,1
1404,里芋,コ,40
1405,里芋,こ,40
1406,里芋,個,40
1407,粒マスタード,g,1
1408,粒マスタード,小,6
1409,粒マスタード,小さじ,6
1411,粒マスタード,小匙,6
1412,粒マスタード,大,18
1413,粒マスタード,大さじ,18
1414,粒マスタード,大匙,18
1415,冷凍枝豆,g,1
1416,冷凍枝豆,コ,4
1417,冷凍枝豆,こ,4
1418,冷凍枝豆,個,4
1419,冷凍枝豆,粒,4
1420,和風だしの素,cc,0.6
1421,和風だしの素,g,1
1422,和風だしの素,一つまみ,0.5
1423,和風だしの素,小,3
1424,和風だしの素,小さじ,3
1425,和風だしの素,小匙,3
1426,和風だしの素,少々,1
1427,和風だしの素,袋,8
1428,和風だしの素,大,9
1429,和風だしの素,大さじ,9
1430,和風だしの素,大匙,9
1431,筍の水煮,cm,20
1432,筍の水煮,g,1
1433,筍の水煮,パック,200
1434,筍の水煮,個,200
1435,筍の水煮,袋,200
1436,筍の水煮,半,100
1437,筍の水煮,本,200
1438,餃子の皮,g,1
1439,餃子の皮,袋,30
1440,餃子の皮,枚,6
1441,麩,g,1
1442,麩,個,0.5
1443,水,リットル,1000
1444,玉ねぎ,中半分程,100
1445,ヨーグルト,カップ,200
1446,玉ねぎ,大,10
1447,生クリーム,少々,20
1448,豚ヒレ,g,1
1449,玉ねぎ,小,3
1450,パン粉,cc,0.27
1451,小ネギ,ひとつかみ,30
1452,ぶり,枚,100
1453,さばの味噌煮缶,缶,190
1454,カレイ,切,100
1455,しょうが,切,1
1456,れんこん,cm,24
1457,しめじ,半分,65
1458,しめじ,少々,65
1459,真鯛,切,100
1460,レモン,カット,120
1461,ツナ缶,個,70
1462,かまぼこ,枚,3
1463,グリンピース,少量,10
1464,小ネギ,一掴み分,30
1465,かにかま,パック,180
1466,水,合,180
1467,しょうゆ,少量,5
1468,鶏がらスープの素,つまみ,0.25
1469,サラダ油,少量,5
1470,野菜ジュース,大さじ,15
1471,マーガリン,大,12
1472,エリンギ,パック,100
1473,ハヤシライスのルー,g,1
1474,マッシュルーム,パック,60
1475,ハッシュドビーフのルー,半箱,80
1476,チョコレート,かけ,3.34
1477,粉チーズ,小さじ,2
1478,なす,半分,130
1479,明太子,g,1
1480,ほうれん草,把,200
1481,卵,コ,50
1482,ラー油,少々,1
1483,キムチ,グラム,1
1484,かつおぶし,掴,40
1485,ラー油,大さじ,12
1486,一味唐辛子,大さじ,7.5
1487,そうめん,袋,300
1488,干しえび,大さじ,3
1489,かつおぶし,パック,10
1490,さとう,一つまみ,1
1491,水,杯,200
1492,ごぼう,カップ,150
1493,だしパック,袋,8
1494,こんにゃく,個,350
1495,みつば,少々,5
1496,かいわれ,本,0.45
1497,塩,一つまみ,0.6
1498,薄口しょうゆ,少々,5
1499,もち米,大さじ,12
1500,春菊,把,150
1501,焼き豆腐,パック,300
1502,麩,少量,3
1503,牛ホルモン,グラム,1
1504,水,一リットル,1000
1505,唐辛子,ひとつまみ,0.4
1506,にんにく,cm,0.5
1507,マスタード,大さじ,18
1508,からし,小さじ,5
1509,りんごジャム,個,150
1510,ツナ缶,小,13
1511,かつおぶし,少々,1
1512,キャベツ,グラム,1
1513,たら,切,100
1514,白菜,玉,2000
1515,おろしにんにく,少量,0.5
1516,かつおぶし,ふたつかみ,80
1517,牛ホルモン,ℊ,1
1518,干しえび,g,1
1519,干しえび,小,1
1520,干しえび,小さじ,1
1521,干しえび,小匙,1
1522,干しえび,大,3
1523,干しえび,大匙,3
1524,マーガリン,g,1
1525,マーガリン,大匙,12
1526,マーガリン,大さじ,12
1527,マーガリン,小匙,4
1528,マーガリン,小さじ,4
1529,マーガリン,小,4
1530,ハッシュドビーフのルー,箱,160
1531,チョコレート,枚,50
1532,チョコレート,g,1
1533,からし,小,5
1534,からし,小匙,5
1535,からし,g,1
1536,マスタード,大匙,18
1537,マスタード,大,18
1538,粉チーズ,小匙,2
1539,粉チーズ,小,2
1540,ラー油,大匙,12
1541,ラー油,大,12
1542,さばの味噌煮缶,g,1
1543,一味唐辛子,大匙,7.5
1544,一味唐辛子,大,7.5
1545,一味唐辛子,小,2.5
1546,一味唐辛子,小匙,2.5
1547,一味唐辛子,小さじ,2.5
1548,一味唐辛子,g,1
1549,もち米,大匙,12
1550,もち米,大,12
1551,もち米,合,150
1552,もち米,g,1
1553,もち米,グラム,1
1554,明太子,本,33
1555,アジ,匹,68
1556,アジ,g,1
1557,さわら,切,100
1558,さわら,g,1
1559,ハッシュドビーフのルー,g,1
1560,カレイ,g,1
1561,たら,g,1
1562,いりごま,適量,0
1563,オリーブオイル,適量,0
1564,おろししょうが,適量,0
1565,おろしにんにく,適量,0
1566,お好みソース,適量,0
1567,カレー粉,適量,0
1568,クミンパウダー,適量,0
1569,ケチャップ,適量,0
1570,こしょう,適量,0
1571,ごま,適量,0
1572,ごま油,適量,0
1573,コンソメ,適量,0
1574,さとう,適量,0
1575,サラダ油,適量,0
1576,しいたけ,適量,0
1577,しょうが,適量,0
1578,しょうゆ,適量,0
1579,すりごま,適量,0
1580,チーズ,適量,0
1581,ドライバジル,適量,0
1582,ドライパセリ,適量,0
1583,ナツメグ,適量,0
1584,にんじん,適量,0
1585,ネギ,適量,0
1586,のり,適量,0
1587,マスタード,適量,0
1588,マヨネーズ,適量,0
1589,みりん,適量,0
1590,レモン汁,適量,0
1591,わさび,適量,0
1592,塩,適量,0
1593,塩コショウ,適量,0
1594,鶏がらスープの素,適量,0
1595,紅ショウガ,適量,0
1596,山椒,適量,0
1597,七味唐辛子,適量,0
1598,酒,適量,0
1599,小ネギ,適量,0
1600,小麦粉,適量,0
1601,酢,適量,0
1602,水菜,適量,0
1603,青のり,適量,0
1604,大葉,適量,0
1605,長ネギ,適量,0
1606,天かす,適量,0
1607,唐辛子,適量,0
1608,豆板醤,適量,0
1609,日本酒,適量,0
1610,白こしょう,適量,0
1611,白ごま,適量,0
1612,粉チーズ,適量,0
1613,味の素,適量,0
1614,味噌,適量,0
1615,和風だしの素,適量,0
1616,生クリーム,適量,0
1617,しめじ,適量,0
1618,ラー油,適量,0
1619,みつば,適量,0
1620,薄口しょうゆ,適量,0
1621,かつおぶし,適量,0
1622,いりごま,お好み,0
1623,オリーブオイル,お好み,0
1624,おろししょうが,お好み,0
1625,おろしにんにく,お好み,0
1626,お好みソース,お好み,0
1627,カレー粉,お好み,0
1628,クミンパウダー,お好み,0
1629,ケチャップ,お好み,0
1630,こしょう,お好み,0
1631,ごま,お好み,0
1632,ごま油,お好み,0
1633,コンソメ,お好み,0
1634,さとう,お好み,0
1635,サラダ油,お好み,0
1636,しいたけ,お好み,0
1637,しょうが,お好み,0
1638,しょうゆ,お好み,0
1639,すりごま,お好み,0
1640,チーズ,お好み,0
1641,ドライバジル,お好み,0
1642,ドライパセリ,お好み,0
1643,ナツメグ,お好み,0
1644,にんじん,お好み,0
1645,ネギ,お好み,0
1646,のり,お好み,0
1647,マスタード,お好み,0
1648,マヨネーズ,お好み,0
1649,みりん,お好み,0
1650,レモン汁,お好み,0
1651,わさび,お好み,0
1652,塩,お好み,0
1653,塩コショウ,お好み,0
1654,鶏がらスープの素,お好み,0
1655,紅ショウガ,お好み,0
1656,山椒,お好み,0
1657,七味唐辛子,お好み,0
1658,酒,お好み,0
1659,小ネギ,お好み,0
1660,小麦粉,お好み,0
1661,酢,お好み,0
1662,水菜,お好み,0
1663,青のり,お好み,0
1664,大葉,お好み,0
1665,長ネギ,お好み,0
1666,天かす,お好み,0
1667,唐辛子,お好み,0
1668,豆板醤,お好み,0
1669,日本酒,お好み,0
1670,白こしょう,お好み,0
1671,白ごま,お好み,0
1672,粉チーズ,お好み,0
1673,味の素,お好み,0
1674,味噌,お好み,0
1675,和風だしの素,お好み,0
1676,生クリーム,お好み,0
1677,しめじ,お好み,0
1678,ラー油,お好み,0
1679,みつば,お好み,0
1680,薄口しょうゆ,お好み,0
1681,かつおぶし,お好み,0
1682,ツナ缶,小さじ,13
1683,ツナ缶,小匙,13
1684,にんじん,㎝,10
1685,豆苗,袋,85
1686,白米,大匙,13
1687,白米,大,13
1688,片栗粉,適量,0
1689,ホットケーキミックス,g,1
1690,ホットケーキミックス,グラム,1
1691,ホットケーキミックス,袋,150
1692,チーズ,適宜,0
1693,パセリ,適宜,0
1694,はんぺん,枚,110
1695,はんぺん,g,1
1696,はんぺん,グラム,1
1697,しめじ,P,130
1698,ドライパセリ,適宜,0
1699,紅ショウガ,お好みで,0
1700,キウイ,個,102
1701,アーモンドパウダー,g,1
1702,マーマレード,g,1
1703,塩,ちょっぴり,0
1704,しょうゆ,回し,0
1705,小ネギ,適宜,0
1706,ナツメグ,(少々),0.1
1707,明太子,ひと腹,33
1708,和風だしの素,ふたつかみ,1
1709,しょうゆ,ひとまわし,0
1710,塩,ふたつかみ,1
1711,のり,ひとつまみ,0.1
1712,小ネギ,ひとつまみ,0.5
1713,ナンプラー,大さじ,15
1714,ナンプラー,大匙,15
1715,ナンプラー,大,15
1716,からし,お好みで,0
1717,塩,ふたつまみ,1
1718,ごま油,周,0
1719,片栗粉,少々,1
1720,タルタルソース,g,1
1721,タルタルソース,ｇ,1
1722,タルタルソース,グラム,1
1723,タルタルソース,大匙,15
1724,タルタルソース,大さじ,15
1725,タルタルソース,大,15
1726,タルタルソース,小匙,5
1727,タルタルソース,小さじ,5
1728,タルタルソース,小,5
1729,タルタルソース,適量,0
1730,タルタルソース,少々,10
1731,高野豆腐,個,16
1732,高野豆腐,コ,16
1733,高野豆腐,こ,16
1734,水溶き片栗粉,大さじ,15
1735,水溶き片栗粉,大匙,15
1736,水溶き片栗粉,大,15
1737,水溶き片栗粉,小さじ,5
1738,水溶き片栗粉,小匙,5
1739,水溶き片栗粉,小,5
1740,水溶き片栗粉,少々,5
1741,冷凍ロールキャベツ,個,50
1742,冷凍ロールキャベツ,コ,50
1743,冷凍ロールキャベツ,こ,50
1744,冷凍ロールキャベツ,つ,50
1745,ごはん,食,150
1746,ベビーリーフ,適量,0
1747,粉砂糖,大匙,9
1748,粉砂糖,大さじ,9
1749,粉砂糖,大,9
1750,粉砂糖,小さじ,3
1751,粉砂糖,小匙,3
1752,粉砂糖,小,3
1753,粉砂糖,適量,0
1754,水菜,小,30
1755,里芋,小,30
1756,ラー油,適宜,0
1757,昆布茶,本,2
1758,鮭,枚,100
1759,黒ごま,適量,0
1760,黒ごま,少々,0.1
1761,牛すじ,グラム,1
1762,こんにゃく,グラム,1
1763,七味唐辛子,適宜,0
1764,チリパウダー,少々,0.1
1765,ローレル,枚,0.2
1766,なす,大,300
1767,しめじ,大,130
1768,アーモンド,グラム,1
1769,あさり,グラム,1
1770,アスパラ,グラム,1
1771,アボガド,グラム,1
1772,いか姿フライ,グラム,1
1773,いりこ,グラム,1
1774,いりごま,グラム,1
1775,いんげん,グラム,1
1776,ウインナー,グラム,1
1777,ウェイパー,グラム,1
1778,うずらの卵,グラム,1
1779,うどん,グラム,1
1780,えのき茸,グラム,1
1781,えび,グラム,1
1782,エリンギ,グラム,1
1783,えんどう,グラム,1
1784,オイスターソース,グラム,1
1785,オートミール,グラム,1
1786,おかか,グラム,1
1787,おからパウダー,グラム,1
1788,おくら,グラム,1
1789,おろししょうが,グラム,1
1790,おろしにんにく,グラム,1
1791,お好みソース,グラム,1
1792,かいわれ,グラム,1
1793,かつおぶし,グラム,1
1794,かにかま,グラム,1
1795,かぼちゃ,グラム,1
1796,かまぼこ,グラム,1
1797,からあげ粉,グラム,1
1798,カレールー,グラム,1
1799,カレー粉,グラム,1
1800,きくらげ,グラム,1
1801,きなこ,グラム,1
1802,きび砂糖,グラム,1
1803,きゅうり,グラム,1
1804,クミンパウダー,グラム,1
1805,グラニュー糖,グラム,1
1806,グリンピース,グラム,1
1807,くるみ,グラム,1
1808,ケチャップ,グラム,1
1809,コーン,グラム,1
1810,コーンスターチ,グラム,1
1811,ココナッツミルク,グラム,1
1812,こしょう,グラム,1
1813,コチュジャン,グラム,1
1814,ごはん,グラム,1
1815,ごぼう,グラム,1
1816,ごま,グラム,1
1817,サーモン（刺身）,グラム,1
1818,さつまいも,グラム,1
1819,さとう,グラム,1
1820,さば,グラム,1
1821,さばの水煮缶,グラム,1
1822,さば缶,グラム,1
1823,さやいんげん,グラム,1
1824,さやえんどう,グラム,1
1825,しいたけ,グラム,1
1826,シーフードミックス,グラム,1
1827,ししとう,グラム,1
1828,ししゃも,グラム,1
1829,しめじ,グラム,1
1830,じゃがいも,グラム,1
1831,シャンタン,グラム,1
1832,シュウマイの皮,グラム,1
1833,しょうが,グラム,1
1834,しらす,グラム,1
1835,しらたき,グラム,1
1836,スキムミルク,グラム,1
1837,スナップエンドウ,グラム,1
1838,スライスチーズ,グラム,1
1839,すりごま,グラム,1
1840,セロリ,グラム,1
1841,そうめん,グラム,1
1842,そらまめ,グラム,1
1843,タコ,グラム,1
1844,ダシダ,グラム,1
1845,たまご豆腐,グラム,1
1846,チーズ,グラム,1
1847,チキンコンソメ,グラム,1
1848,ちくわ,グラム,1
1849,チャーシュー,グラム,1
1850,チンゲン菜,グラム,1
1851,ツナ缶,グラム,1
1852,デミグラスソース,グラム,1
1853,とうもろこし,グラム,1
1854,トマト,グラム,1
1855,トマト缶,グラム,1
1856,ドライイースト,グラム,1
1857,ドライバジル,グラム,1
1858,ドライパセリ,グラム,1
1859,なす,グラム,1
1860,ナツメグ,グラム,1
1861,なめこ,グラム,1
1862,ニラ,グラム,1
1863,にんじん,グラム,1
1864,にんにく,グラム,1
1865,ネギ,グラム,1
1866,のり,グラム,1
1867,バジル,グラム,1
1868,パセリ,グラム,1
1869,はちみつ,グラム,1
1870,パプリカ,グラム,1
1871,ハム,グラム,1
1872,パン粉,グラム,1
1873,ビーフシチューのルー,グラム,1
1874,ピーマン,グラム,1
1875,ピクルス,グラム,1
1876,ピザソース,グラム,1
1877,ブイヨン,グラム,1
1878,プチトマト,グラム,1
1879,フランスパン,グラム,1
1880,ぶり,グラム,1
1881,ブロッコリー,グラム,1
1882,ブロッコリースプラウト,グラム,1
1883,ベーキングパウダー,グラム,1
1884,ベーコン,グラム,1
1885,ベビーリーフ,グラム,1
1886,ベリージャム,グラム,1
1887,ほうれん草,グラム,1
1888,ほたて,グラム,1
1889,ホワイトソース（缶）,グラム,1
1890,まいたけ,グラム,1
1891,マカロニ,グラム,1
1892,マスタード,グラム,1
1893,マッシュルーム,グラム,1
1894,マヨネーズ,グラム,1
1895,ミートソース,グラム,1
1896,ミートボール,グラム,1
1897,ミックスベジタブル,グラム,1
1898,みつば,グラム,1
1899,ミニトマト,グラム,1
1900,みょうが,グラム,1
1901,メンマ,グラム,1
1902,もやし,グラム,1
1903,ゆず,グラム,1
1904,ヨーグルト,グラム,1
1905,ラー油,グラム,1
1906,ライスペーパー,グラム,1
1907,りんごジャム,グラム,1
1908,レタス,グラム,1
1909,レモン,グラム,1
1910,れんこん,グラム,1
1911,ローズマリー,グラム,1
1912,ローリエ,グラム,1
1913,わかめ,グラム,1
1914,わさび,グラム,1
1915,塩,グラム,1
1916,塩こうじ,グラム,1
1917,塩コショウ,グラム,1
1918,塩昆布,グラム,1
1919,塩辛,グラム,1
1920,牡蠣,グラム,1
1921,乾燥ひじき,グラム,1
1922,乾燥わかめ,グラム,1
1923,乾麺そば,グラム,1
1924,干ししいたけ,グラム,1
1925,干し貝柱スープの素,グラム,1
1926,牛カルビ,グラム,1
1927,牛バラ,グラム,1
1928,牛ひき肉,グラム,1
1929,牛もも肉,グラム,1
1930,牛ロース,グラム,1
1931,牛脂,グラム,1
1932,牛切り落とし,グラム,1
1933,牛肉,グラム,1
1934,牛薄切り,グラム,1
1935,魚肉ソーセージ,グラム,1
1936,強力粉,グラム,1
1937,玉ねぎ,グラム,1
1938,鶏がらスープの素,グラム,1
1939,鶏ささみ,グラム,1
1940,鶏むね肉,グラム,1
1941,結びしらたき,グラム,1
1942,厚揚げ,グラム,1
1943,紅ショウガ,グラム,1
1944,合い挽き肉,グラム,1
1945,黒ごま,グラム,1
1946,黒糖,グラム,1
1947,黒豆,グラム,1
1948,昆布,グラム,1
1949,昆布茶,グラム,1
1950,菜の花,グラム,1
1951,桜えび,グラム,1
1952,鮭,グラム,1
1953,三温糖,グラム,1
1954,山椒,グラム,1
1955,枝豆,グラム,1
1956,糸こんにゃく,グラム,1
1957,七味唐辛子,グラム,1
1958,車麩,グラム,1
1959,手羽元,グラム,1
1960,手羽先,グラム,1
1961,手羽中,グラム,1
1962,春雨,グラム,1
1963,春巻きの皮,グラム,1
1964,春菊,グラム,1
1965,小ネギ,グラム,1
1966,小松菜,グラム,1
1967,焼きそばソース,グラム,1
1968,焼きそば麺,グラム,1
1969,焼き豆腐,グラム,1
1970,焼肉のたれ,グラム,1
1971,食パン,グラム,1
1972,水菜,グラム,1
1973,生ハム,グラム,1
1974,青ネギ,グラム,1
1975,青のり,グラム,1
1976,赤味噌,グラム,1
1977,切り干し大根,グラム,1
1978,切り餅,グラム,1
1979,大葉,グラム,1
1980,鷹の爪,グラム,1
1981,中華スープの素,グラム,1
1982,中華あじ,グラム,1
1983,中華麺,グラム,1
1984,中力粉,グラム,1
1985,長いも,グラム,1
1986,長ネギ,グラム,1
1987,天かす,グラム,1
1988,甜麺醤,グラム,1
1989,唐辛子,グラム,1
1990,豆板醤,グラム,1
1991,豆苗,グラム,1
1992,豚スペアリブ,グラム,1
1993,豚モモ,グラム,1
1994,豚もも肉,グラム,1
1995,豚ロース,グラム,1
1996,納豆,グラム,1
1997,梅干し,グラム,1
1998,白こしょう,グラム,1
1999,白ごま,グラム,1
2000,白みそ,グラム,1
2001,白玉粉,グラム,1
2002,白菜,グラム,1
2003,白米,グラム,1
2004,粉チーズ,グラム,1
2005,米粉,グラム,1
2006,片栗粉,グラム,1
2007,味の素,グラム,1
2008,味噌,グラム,1
2009,油揚げ,グラム,1
2010,柚子こしょう,グラム,1
2011,卵,グラム,1
2012,里芋,グラム,1
2013,粒マスタード,グラム,1
2014,冷凍枝豆,グラム,1
2015,和風だしの素,グラム,1
2016,筍の水煮,グラム,1
2017,餃子の皮,グラム,1
2018,麩,グラム,1
2019,豚ヒレ,グラム,1
2020,ハヤシライスのルー,グラム,1
2021,明太子,グラム,1
2022,干しえび,グラム,1
2023,マーガリン,グラム,1
2024,チョコレート,グラム,1
2025,からし,グラム,1
2026,さばの味噌煮缶,グラム,1
2027,一味唐辛子,グラム,1
2028,アジ,グラム,1
2029,さわら,グラム,1
2030,ハッシュドビーフのルー,グラム,1
2031,カレイ,グラム,1
2032,たら,グラム,1
2033,アーモンドパウダー,グラム,1
2034,マーマレード,グラム,1
2035,オリーブオイル,グラム,1
2036,ごま油,グラム,1
2037,コンソメ,グラム,1
2038,サラダ油,グラム,1
2039,しょうゆ,グラム,0.83
2040,だし汁,グラム,1
2041,だし醤油,グラム,1.2
2042,チリソース,グラム,1
2043,トマトソース,グラム,1
2044,ポン酢,グラム,1
2045,みりん,グラム,1.15
2046,めんつゆ,グラム,1
2047,牛乳,グラム,0.95
2048,酒,グラム,1
2049,小麦粉,グラム,1
2050,酢,グラム,1
2051,薄口しょうゆ,グラム,1
2052,米油,グラム,1
2053,チリパウダー,g,1
2054,ローレル,g,1
2055,高野豆腐,g,1
2056,水溶き片栗粉,ml,1
2057,粉砂糖,g,1
2058,冷凍ロールキャベツ,g,1
100000,未登録,g,1